{"cameraMode":{"drawMode":0,"name":"Shaded","section":"Shading Mode"},"sceneLighting":true,"audioPlay":false,"sceneViewState":{"m_AlwaysRefresh":false,"showFog":true,"showSkybox":false,"showFlares":true,"showImageEffects":true,"showParticleSystems":true,"showVisualEffectGraphs":true,"m_FxEnabled":true},"in2DMode":false,"pivot":{"x":-0.08176979422569275,"y":0.05922761559486389,"z":0.15273675322532655},"rotation":{"x":0.009698097594082356,"y":-0.8300932049751282,"z":0.01444329135119915,"w":0.557353138923645},"size":0.23721341788768769,"orthographic":true}