{"cameraMode":{"drawMode":0,"name":"Shaded","section":"Shading Mode"},"sceneLighting":false,"audioPlay":false,"sceneViewState":{"m_AlwaysRefresh":false,"showFog":true,"showSkybox":false,"showFlares":true,"showImageEffects":true,"showParticleSystems":true,"showVisualEffectGraphs":true,"m_FxEnabled":true},"in2DMode":false,"pivot":{"x":13.254293441772461,"y":-21.309459686279298,"z":-6.5501508712768559},"rotation":{"x":0.18555402755737306,"y":0.7924798727035523,"z":-0.2931542694568634,"w":0.5016055703163147},"size":19.501893997192384,"orthographic":false}