{"cameraMode":{"drawMode":0,"name":"Shaded","section":"Shading Mode"},"sceneLighting":true,"audioPlay":false,"sceneViewState":{"m_AlwaysRefresh":false,"showFog":true,"showSkybox":false,"showFlares":true,"showImageEffects":true,"showParticleSystems":true,"showVisualEffectGraphs":true,"m_FxEnabled":true},"in2DMode":false,"pivot":{"x":-25.15323829650879,"y":4.111497402191162,"z":17.45454978942871},"rotation":{"x":0.00825082790106535,"y":-0.9652588367462158,"z":0.030703239142894746,"w":0.2593615651130676},"size":3.6400389671325685,"orthographic":true}