{"cameraMode":{"drawMode":0,"name":"Shaded","section":"Shading Mode"},"sceneLighting":true,"audioPlay":false,"sceneViewState":{"m_AlwaysRefresh":false,"showFog":true,"showSkybox":false,"showFlares":true,"showImageEffects":true,"showParticleSystems":true,"showVisualEffectGraphs":true,"m_FxEnabled":true},"in2DMode":false,"pivot":{"x":-2.015878200531006,"y":0.11229181289672852,"z":0.11046266555786133},"rotation":{"x":0.496661514043808,"y":0.2261752188205719,"z":-0.13585229218006135,"w":0.8268718719482422},"size":6.730015754699707,"orthographic":true}