{"cameraMode":{"drawMode":0,"name":"Shaded","section":"Shading Mode"},"sceneLighting":false,"audioPlay":false,"sceneViewState":{"m_AlwaysRefresh":false,"showFog":true,"showSkybox":false,"showFlares":true,"showImageEffects":true,"showParticleSystems":true,"showVisualEffectGraphs":true,"m_FxEnabled":true},"in2DMode":false,"pivot":{"x":-5.853527545928955,"y":1.7000524997711182,"z":-1.2383545637130738},"rotation":{"x":0.1024933010339737,"y":0.06560339033603668,"z":-0.006774262059479952,"w":0.9925463795661926},"size":6.162591457366943,"orthographic":true}