{"cameraMode":{"drawMode":0,"name":"Shaded","section":"Shading Mode"},"sceneLighting":false,"audioPlay":false,"sceneViewState":{"m_AlwaysRefresh":false,"showFog":true,"showSkybox":false,"showFlares":true,"showImageEffects":true,"showParticleSystems":true,"showVisualEffectGraphs":true,"m_FxEnabled":true},"in2DMode":false,"pivot":{"x":0.1907351016998291,"y":0.9185677766799927,"z":0.591513991355896},"rotation":{"x":-0.10738742351531983,"y":0.04383557662367821,"z":-0.004746935795992613,"w":-0.9932422637939453},"size":0.08958237618207932,"orthographic":false}