{"cameraMode":{"drawMode":0,"name":"Shaded","section":"Shading Mode"},"sceneLighting":false,"audioPlay":false,"sceneViewState":{"m_AlwaysRefresh":false,"showFog":true,"showSkybox":false,"showFlares":true,"showImageEffects":true,"showParticleSystems":true,"showVisualEffectGraphs":true,"m_FxEnabled":true},"in2DMode":false,"pivot":{"x":-0.000560609856620431,"y":3.4924596548080446e-10,"z":-0.0023409409914165737},"rotation":{"x":0.10719110071659088,"y":-0.0029827223625034096,"z":0.00032161863055080175,"w":0.9942339062690735},"size":0.005377545952796936,"orthographic":true}