{"cameraMode":{"drawMode":0,"name":"Shaded","section":"Shading Mode"},"sceneLighting":false,"audioPlay":false,"sceneViewState":{"m_AlwaysRefresh":false,"showFog":true,"showSkybox":false,"showFlares":true,"showImageEffects":true,"showParticleSystems":true,"showVisualEffectGraphs":true,"m_FxEnabled":true},"in2DMode":false,"pivot":{"x":-0.19023892283439637,"y":1.0202611684799195,"z":0.5160750150680542},"rotation":{"x":-0.1108136922121048,"y":-0.8095927238464356,"z":0.1621704250574112,"w":-0.5531600713729858},"size":0.07636260241270066,"orthographic":false}