{"cameraMode":{"drawMode":0,"name":"Shaded","section":"Shading Mode"},"sceneLighting":false,"audioPlay":false,"sceneViewState":{"m_AlwaysRefresh":false,"showFog":true,"showSkybox":false,"showFlares":true,"showImageEffects":true,"showParticleSystems":true,"showVisualEffectGraphs":true,"m_FxEnabled":true},"in2DMode":false,"pivot":{"x":1.4845008850097657,"y":5.989997863769531,"z":0.5704998970031738},"rotation":{"x":-0.09518831223249436,"y":-0.8376169204711914,"z":0.15475402772426606,"w":-0.5151625275611877},"size":0.02982029877603054,"orthographic":false}