{"cameraMode":{"drawMode":0,"name":"Shaded","section":"Shading Mode"},"sceneLighting":false,"audioPlay":false,"sceneViewState":{"m_AlwaysRefresh":false,"showFog":true,"showSkybox":false,"showFlares":true,"showImageEffects":true,"showParticleSystems":true,"showVisualEffectGraphs":true,"m_FxEnabled":true},"in2DMode":false,"pivot":{"x":-0.0803842842578888,"y":0.889545738697052,"z":0.5583820939064026},"rotation":{"x":-0.3164457678794861,"y":-0.24869264662265778,"z":0.08634477853775025,"w":-0.9113528728485107},"size":0.16288422048091889,"orthographic":false}