{"cameraMode":{"drawMode":0,"name":"Shaded","section":"Shading Mode"},"sceneLighting":false,"audioPlay":false,"sceneViewState":{"m_AlwaysRefresh":false,"showFog":true,"showSkybox":false,"showFlares":true,"showImageEffects":true,"showParticleSystems":true,"showVisualEffectGraphs":true,"m_FxEnabled":true},"in2DMode":false,"pivot":{"x":-11.729545593261719,"y":0.23552244901657105,"z":-12.566701889038086},"rotation":{"x":0.6974583864212036,"y":-0.007524037268012762,"z":0.0073235840536653999,"w":0.7165486812591553},"size":0.977836012840271,"orthographic":true}